variant,precision@k,recall@k,ndcg@k,coverage
item-based CF (с учётом часов),0.02207999999999932,0.09067572400337505,0.06274658878978767,0.9632352941176471
item-based CF без учёта часов,0.016549999999999586,0.07225809218441445,0.04926401041222257,0.9151069518716578
"item-based CF без часов, 10 соседей",0.019479999999999442,0.08260124201181378,0.05711052922728101,0.9595588235294118
"item-based CF без часов, 20 соседей",0.018909999999999472,0.07822307613959653,0.055769253370875356,0.9712566844919787
"item-based CF без часов, 50 соседей",0.019249999999999462,0.07889499012705528,0.05567870605781512,0.9739304812834224
"item-based CF без часов, 100 соседей",0.019169999999999465,0.07851959844201284,0.05509970970071983,0.9722593582887701
"item-based CF без часов, 200 соседей",0.019679999999999424,0.08177787389597166,0.05562570650238303,0.9695855614973262
"item-based CF, 10 соседей, штраф за популярность alpha=0.25",0.011989999999999808,0.054446377618723535,0.03221388503774842,0.9518716577540107
"item-based CF, 10 соседей, штраф за популярность alpha=0.5",0.00782999999999999,0.03929511307375713,0.019675363358646884,0.9395053475935828
"item-based CF, 10 соседей, штраф за популярность alpha=0.75",0.006350000000000061,0.034140852016341136,0.015505786733414186,0.9344919786096256
"item-based CF, 10 соседей, штраф за популярность alpha=1.0",0.005690000000000053,0.03189609011157923,0.013719592953070642,0.9281417112299465
